1	Nguyen Van A	A1@gmail.com	22/01/2023	08/02/2023 13:00	12345	Capture.PNG
2	Nguyen Van B	A2@gmail.com	22/02/2023	08/02/2023 14:00	12345	Capture.PNG
3	Nguyen Van C	A3@gmail.com	22/03/2023	08/02/2023 15:00	12345	Capture.PNG
4	Nguyen Van D	A4@gmail.com	22/04/2023	08/02/2023 16:00	12345	Capture.PNG
5	Nguyen Van E	A5@gmail.com	22/05/2023	08/02/2023 17:00	12345	Capture.PNG
6	Nguyen Van F	A6@gmail.com	22/06/2023	08/02/2023 18:00	12345	Capture.PNG
7	Nguyen Van G	A7@gmail.com	22/07/2023	08/02/2023 19:00	12345	Capture.PNG
8	Nguyen Van H	A8@gmail.com	22/08/2023	08/02/2023 20:00	12345	Capture.PNG
9	Nguyen Van I	A9@gmail.com	22/09/2023	08/02/2023 21:00	12345	Capture.PNG
10	Nguyen Van J	A10@gmail.com	22/10/2023	08/02/2023 22:00	12345	Capture.PNG
